62;63
62;76
62;78
62;96
62;169
62;173
62;175
62;192
62;193
62;195
62;251
63;62
63;76
63;78
63;96
63;169
63;173
63;175
63;192
63;193
63;195
63;251
66;142
66;143
66;144
66;145
66;146
66;203
66;214
66;236
66;238
67;69
67;84
67;98
67;99
67;120
67;150
67;152
67;168
67;185
67;186
67;187
67;188
69;67
69;84
69;98
69;99
69;120
69;150
69;152
69;168
69;185
69;186
69;187
69;188
74;75
74;101
74;122
74;123
74;129
74;172
74;174
74;176
74;192
74;195
74;223
74;227
74;238
74;244
75;74
75;77
75;91
75;92
75;95
75;101
75;122
75;123
75;124
75;125
75;128
75;129
75;144
75;145
75;146
75;172
75;174
75;176
75;192
75;194
75;195
75;214
75;223
75;227
75;236
75;237
75;238
75;244
76;62
76;63
76;78
76;96
76;131
76;169
76;173
76;175
76;193
76;199
76;216
76;251
76;325
77;75
77;99
77;123
77;128
77;129
77;144
77;145
77;146
77;176
77;192
77;195
77;223
77;227
77;236
77;238
77;244
78;62
78;63
78;76
78;96
78;169
78;173
78;175
78;192
78;193
78;195
78;251
84;67
84;69
84;98
84;99
84;120
84;150
84;152
84;168
84;185
84;186
84;187
84;188
91;75
91;92
91;95
91;97
91;101
91;106
91;107
91;124
91;125
91;194
91;214
91;237
92;75
92;91
92;95
92;97
92;101
92;106
92;107
92;124
92;125
92;194
92;214
92;237
95;75
95;91
95;92
95;101
95;124
95;125
95;194
95;237
96;62
96;63
96;76
96;78
96;131
96;169
96;173
96;175
96;193
96;199
96;216
96;251
96;325
97;91
97;92
97;106
97;107
97;124
97;125
97;206
97;214
97;237
98;67
98;69
98;84
98;99
98;120
98;150
98;152
98;168
98;185
98;186
98;187
98;188
99;67
99;69
99;77
99;84
99;98
99;120
99;123
99;129
99;144
99;150
99;152
99;168
99;176
99;185
99;186
99;187
99;188
99;192
99;195
99;227
99;236
99;238
99;244
101;74
101;75
101;91
101;92
101;95
101;122
101;123
101;124
101;125
101;129
101;172
101;174
101;194
101;214
101;223
101;227
101;236
101;237
101;244
106;91
106;92
106;97
106;107
106;124
106;125
106;206
106;214
106;237
107;91
107;92
107;97
107;106
107;124
107;125
107;206
107;214
107;237
120;67
120;69
120;84
120;98
120;99
120;150
120;152
120;168
120;185
120;186
120;187
120;188
122;74
122;75
122;101
122;123
122;129
122;172
122;174
122;176
122;192
122;195
122;223
122;227
122;238
122;244
123;74
123;75
123;77
123;99
123;101
123;122
123;129
123;144
123;172
123;174
123;176
123;192
123;195
123;223
123;227
123;236
123;238
123;244
124;75
124;91
124;92
124;95
124;97
124;101
124;106
124;107
124;125
124;194
124;206
124;214
124;236
124;237
125;75
125;91
125;92
125;95
125;97
125;101
125;106
125;107
125;124
125;194
125;206
125;214
125;236
125;237
128;75
128;77
128;144
128;145
128;146
128;176
128;223
129;74
129;75
129;77
129;99
129;101
129;122
129;123
129;144
129;172
129;174
129;176
129;192
129;195
129;223
129;227
129;236
129;238
129;244
130;131
130;132
130;287
130;290
130;308
130;330
130;338
130;361
130;388
131;76
131;96
131;130
131;132
131;169
131;199
131;216
131;338
131;344
131;369
132;130
132;131
132;287
132;290
132;308
132;330
132;338
132;361
132;388
138;139
138;254
138;260
138;261
138;267
138;268
138;271
138;273
138;276
138;277
138;278
138;281
138;282
138;285
138;286
138;288
138;290
138;293
138;295
138;296
138;297
138;298
138;304
138;305
138;307
138;309
138;310
138;314
138;315
138;316
138;317
138;318
138;319
138;320
138;321
138;324
138;325
138;330
138;331
138;333
138;334
138;338
138;341
138;345
138;346
138;352
138;353
138;355
138;356
138;357
138;360
138;366
138;367
138;370
138;373
138;375
138;376
138;377
138;378
138;379
138;381
138;382
138;383
138;384
138;386
138;388
138;389
138;390
138;391
138;392
138;393
139;138
139;254
139;260
139;261
139;267
139;268
139;271
139;273
139;276
139;277
139;278
139;281
139;282
139;285
139;286
139;288
139;290
139;293
139;295
139;296
139;297
139;298
139;304
139;305
139;307
139;309
139;310
139;314
139;315
139;316
139;317
139;318
139;319
139;320
139;321
139;324
139;325
139;330
139;331
139;333
139;334
139;338
139;341
139;345
139;346
139;352
139;353
139;355
139;356
139;357
139;360
139;366
139;367
139;370
139;373
139;375
139;376
139;377
139;378
139;379
139;381
139;382
139;383
139;384
139;386
139;388
139;389
139;390
139;391
139;392
139;393
142;66
142;143
142;144
142;145
142;146
142;203
142;214
142;236
142;238
143;66
143;142
143;144
143;145
143;146
143;203
143;214
143;236
143;238
144;66
144;75
144;77
144;99
144;123
144;128
144;129
144;142
144;143
144;145
144;146
144;176
144;192
144;195
144;203
144;214
144;223
144;227
144;236
144;238
144;244
145;66
145;75
145;77
145;128
145;142
145;143
145;144
145;146
145;176
145;203
145;214
145;236
145;238
146;66
146;75
146;77
146;128
146;142
146;143
146;144
146;145
146;176
146;203
146;214
146;223
146;236
146;238
148;272
148;274
148;275
148;284
148;287
148;290
148;301
148;302
148;322
148;323
148;325
148;329
148;330
148;340
148;342
148;349
148;374
148;395
150;67
150;69
150;84
150;98
150;99
150;120
150;152
150;168
150;185
150;186
150;187
150;188
152;67
152;69
152;84
152;98
152;99
152;120
152;150
152;168
152;185
152;186
152;187
152;188
168;67
168;69
168;84
168;98
168;99
168;120
168;150
168;152
168;185
168;186
168;187
168;188
169;62
169;63
169;76
169;78
169;96
169;131
169;173
169;175
169;193
169;199
169;251
169;325
172;74
172;75
172;101
172;122
172;123
172;129
172;174
172;176
172;192
172;195
172;223
172;227
172;238
172;244
173;62
173;63
173;76
173;78
173;96
173;169
173;175
173;192
173;193
173;195
173;251
174;74
174;75
174;101
174;122
174;123
174;129
174;172
174;176
174;192
174;195
174;223
174;227
174;238
174;244
175;62
175;63
175;76
175;78
175;96
175;169
175;173
175;192
175;193
175;195
175;251
176;74
176;75
176;77
176;99
176;122
176;123
176;128
176;129
176;144
176;145
176;146
176;172
176;174
176;192
176;195
176;223
176;227
176;236
176;238
176;244
185;67
185;69
185;84
185;98
185;99
185;120
185;150
185;152
185;168
185;186
185;187
185;188
186;67
186;69
186;84
186;98
186;99
186;120
186;150
186;152
186;168
186;185
186;187
186;188
187;67
187;69
187;84
187;98
187;99
187;120
187;150
187;152
187;168
187;185
187;186
187;188
188;67
188;69
188;84
188;98
188;99
188;120
188;150
188;152
188;168
188;185
188;186
188;187
192;62
192;63
192;74
192;75
192;77
192;78
192;99
192;122
192;123
192;129
192;144
192;172
192;173
192;174
192;175
192;176
192;193
192;195
192;223
192;227
192;236
192;238
192;244
192;251
193;62
193;63
193;76
193;78
193;96
193;169
193;173
193;175
193;192
193;195
193;251
194;75
194;91
194;92
194;95
194;101
194;124
194;125
194;237
195;62
195;63
195;74
195;75
195;77
195;78
195;99
195;122
195;123
195;129
195;144
195;172
195;173
195;174
195;175
195;176
195;192
195;193
195;223
195;227
195;236
195;238
195;244
195;251
199;76
199;96
199;131
199;169
199;216
199;365
203;66
203;142
203;143
203;144
203;145
203;146
203;214
203;236
203;238
206;97
206;106
206;107
206;124
206;125
206;214
206;237
213;215
213;274
213;291
213;308
213;335
213;336
213;360
213;361
213;362
213;363
213;372
214;66
214;75
214;91
214;92
214;97
214;101
214;106
214;107
214;124
214;125
214;142
214;143
214;144
214;145
214;146
214;203
214;206
214;236
214;237
214;238
215;213
215;216
215;308
215;362
216;76
216;96
216;131
216;199
216;215
216;308
216;362
216;365
216;372
223;74
223;75
223;77
223;101
223;122
223;123
223;128
223;129
223;144
223;146
223;172
223;174
223;176
223;192
223;195
223;227
223;236
223;244
227;74
227;75
227;77
227;99
227;101
227;122
227;123
227;129
227;144
227;172
227;174
227;176
227;192
227;195
227;223
227;236
227;238
227;244
236;66
236;75
236;77
236;99
236;101
236;123
236;124
236;125
236;129
236;142
236;143
236;144
236;145
236;146
236;176
236;192
236;195
236;203
236;214
236;223
236;227
236;237
236;238
236;244
237;75
237;91
237;92
237;95
237;97
237;101
237;106
237;107
237;124
237;125
237;194
237;206
237;214
237;236
238;66
238;74
238;75
238;77
238;99
238;122
238;123
238;129
238;142
238;143
238;144
238;145
238;146
238;172
238;174
238;176
238;192
238;195
238;203
238;214
238;227
238;236
238;244
244;74
244;75
244;77
244;99
244;101
244;122
244;123
244;129
244;144
244;172
244;174
244;176
244;192
244;195
244;223
244;227
244;236
244;238
251;62
251;63
251;76
251;78
251;96
251;169
251;173
251;175
251;192
251;193
251;195
254;138
254;139
254;260
254;261
254;265
254;268
254;271
254;273
254;276
254;277
254;278
254;279
254;282
254;285
254;286
254;288
254;294
254;295
254;296
254;297
254;298
254;299
254;300
254;304
254;305
254;307
254;309
254;310
254;311
254;312
254;315
254;316
254;317
254;318
254;319
254;320
254;321
254;327
254;328
254;331
254;332
254;333
254;334
254;337
254;339
254;341
254;343
254;344
254;345
254;346
254;347
254;348
254;350
254;351
254;353
254;355
254;356
254;357
254;358
254;359
254;366
254;373
254;375
254;376
254;377
254;378
254;379
254;380
254;381
254;382
254;383
254;384
254;385
254;386
254;389
254;390
254;391
254;392
254;393
254;394
260;138
260;139
260;254
260;261
260;267
260;268
260;271
260;273
260;276
260;277
260;278
260;282
260;285
260;286
260;288
260;295
260;296
260;297
260;298
260;304
260;305
260;307
260;309
260;310
260;315
260;316
260;317
260;318
260;319
260;320
260;321
260;324
260;331
260;333
260;334
260;341
260;345
260;346
260;352
260;353
260;355
260;356
260;360
260;366
260;370
260;373
260;375
260;376
260;377
260;378
260;379
260;381
260;382
260;383
260;384
260;386
260;388
260;389
260;390
260;391
260;392
260;393
261;138
261;139
261;254
261;260
261;262
261;264
261;265
261;267
261;268
261;269
261;271
261;273
261;276
261;277
261;278
261;279
261;281
261;282
261;283
261;285
261;286
261;287
261;288
261;290
261;294
261;295
261;296
261;297
261;298
261;299
261;300
261;304
261;305
261;307
261;308
261;309
261;310
261;311
261;312
261;314
261;315
261;316
261;317
261;318
261;319
261;320
261;321
261;322
261;323
261;324
261;325
261;326
261;327
261;328
261;329
261;330
261;331
261;332
261;333
261;334
261;337
261;338
261;339
261;341
261;343
261;345
261;346
261;347
261;348
261;350
261;352
261;353
261;354
261;355
261;356
261;357
261;358
261;359
261;360
261;366
261;368
261;370
261;373
261;375
261;376
261;377
261;378
261;379
261;380
261;381
261;382
261;383
261;384
261;385
261;386
261;388
261;389
261;390
261;391
261;392
261;393
261;394
261;395
262;261
262;267
262;274
262;277
262;280
262;281
262;283
262;306
262;308
262;324
262;326
262;335
262;352
262;357
262;360
262;364
262;365
262;371
263;264
263;267
263;290
263;305
263;309
263;324
263;329
263;330
263;341
263;346
263;350
263;352
263;354
263;367
263;368
263;369
263;370
263;375
263;384
263;386
263;387
263;395
264;261
264;263
264;267
264;288
264;305
264;309
264;324
264;341
264;346
264;350
264;352
264;354
264;368
264;370
264;375
264;384
264;386
264;387
264;388
264;391
265;254
265;261
265;273
265;277
265;279
265;288
265;289
265;294
265;299
265;300
265;303
265;309
265;310
265;311
265;312
265;315
265;320
265;321
265;326
265;327
265;328
265;331
265;332
265;334
265;337
265;339
265;341
265;343
265;344
265;345
265;347
265;348
265;350
265;351
265;356
265;357
265;358
265;359
265;368
265;373
265;375
265;376
265;379
265;380
265;381
265;382
265;383
265;385
265;389
265;390
265;391
265;392
265;393
265;394
267;138
267;139
267;260
267;261
267;262
267;263
267;264
267;268
267;271
267;272
267;275
267;276
267;277
267;278
267;281
267;282
267;283
267;284
267;285
267;286
267;287
267;288
267;290
267;295
267;296
267;297
267;298
267;301
267;302
267;304
267;305
267;307
267;308
267;309
267;314
267;315
267;316
267;317
267;318
267;319
267;322
267;323
267;324
267;329
267;330
267;333
267;338
267;340
267;341
267;342
267;346
267;349
267;352
267;353
267;354
267;355
267;357
267;360
267;366
267;367
267;369
267;370
267;374
267;375
267;377
267;378
267;384
267;386
267;388
267;391
267;395
268;138
268;139
268;254
268;260
268;261
268;267
268;271
268;273
268;276
268;277
268;278
268;282
268;285
268;286
268;288
268;295
268;296
268;297
268;298
268;304
268;305
268;307
268;309
268;310
268;315
268;316
268;317
268;318
268;319
268;320
268;321
268;324
268;331
268;333
268;334
268;341
268;345
268;346
268;352
268;353
268;355
268;356
268;360
268;366
268;370
268;373
268;375
268;376
268;377
268;378
268;379
268;381
268;382
268;383
268;384
268;386
268;388
268;389
268;390
268;391
268;392
268;393
269;261
269;277
269;279
269;294
269;299
269;300
269;306
269;328
269;332
269;337
269;339
270;274
270;291
270;292
270;306
270;321
270;325
270;335
270;336
270;360
270;361
270;363
270;364
270;365
270;372
271;138
271;139
271;254
271;260
271;261
271;267
271;268
271;273
271;276
271;277
271;278
271;282
271;285
271;286
271;288
271;295
271;296
271;297
271;298
271;304
271;305
271;307
271;309
271;310
271;315
271;316
271;317
271;318
271;319
271;320
271;321
271;324
271;331
271;333
271;334
271;341
271;345
271;346
271;352
271;353
271;355
271;356
271;360
271;366
271;370
271;373
271;375
271;376
271;377
271;378
271;379
271;381
271;382
271;383
271;384
271;386
271;388
271;389
271;390
271;391
271;392
271;393
272;148
272;267
272;274
272;275
272;284
272;287
272;290
272;301
272;302
272;322
272;323
272;324
272;325
272;329
272;330
272;335
272;340
272;342
272;349
272;352
272;360
272;374
272;391
272;395
273;138
273;139
273;254
273;260
273;261
273;265
273;268
273;271
273;276
273;277
273;278
273;282
273;285
273;286
273;287
273;288
273;290
273;294
273;295
273;296
273;297
273;298
273;299
273;300
273;304
273;305
273;307
273;309
273;310
273;311
273;312
273;315
273;316
273;317
273;318
273;319
273;320
273;321
273;322
273;323
273;327
273;328
273;330
273;331
273;332
273;333
273;334
273;337
273;339
273;341
273;343
273;345
273;346
273;347
273;348
273;350
273;351
273;353
273;355
273;356
273;358
273;359
273;366
273;368
273;373
273;375
273;376
273;377
273;378
273;379
273;380
273;381
273;382
273;383
273;384
273;385
273;386
273;387
273;389
273;390
273;391
273;392
273;393
273;394
274;148
274;213
274;262
274;270
274;272
274;275
274;280
274;281
274;283
274;284
274;291
274;292
274;293
274;301
274;302
274;306
274;308
274;321
274;326
274;335
274;336
274;340
274;342
274;349
274;360
274;361
274;362
274;363
274;364
274;365
274;371
274;372
274;374
275;148
275;267
275;272
275;274
275;284
275;287
275;290
275;301
275;302
275;322
275;323
275;324
275;325
275;329
275;330
275;335
275;340
275;342
275;349
275;352
275;360
275;374
275;391
275;395
276;138
276;139
276;254
276;260
276;261
276;267
276;268
276;271
276;273
276;277
276;278
276;282
276;285
276;286
276;288
276;295
276;296
276;297
276;298
276;304
276;305
276;307
276;309
276;310
276;315
276;316
276;317
276;318
276;319
276;320
276;321
276;324
276;331
276;333
276;334
276;341
276;345
276;346
276;352
276;353
276;355
276;356
276;360
276;366
276;370
276;373
276;375
276;376
276;377
276;378
276;379
276;381
276;382
276;383
276;384
276;386
276;388
276;389
276;390
276;391
276;392
276;393
277;138
277;139
277;254
277;260
277;261
277;262
277;265
277;267
277;268
277;269
277;271
277;273
277;276
277;278
277;279
277;281
277;282
277;283
277;285
277;286
277;287
277;288
277;290
277;294
277;295
277;296
277;297
277;298
277;299
277;300
277;304
277;306
277;307
277;309
277;310
277;311
277;312
277;314
277;315
277;316
277;317
277;318
277;319
277;320
277;321
277;322
277;323
277;324
277;325
277;326
277;327
277;328
277;329
277;330
277;331
277;332
277;333
277;334
277;337
277;339
277;341
277;343
277;344
277;345
277;347
277;348
277;352
277;353
277;355
277;356
277;357
277;358
277;359
277;360
277;366
277;373
277;375
277;376
277;377
277;378
277;379
277;380
277;381
277;382
277;383
277;385
277;389
277;390
277;391
277;392
277;393
277;394
277;395
278;138
278;139
278;254
278;260
278;261
278;267
278;268
278;271
278;273
278;276
278;277
278;282
278;285
278;286
278;288
278;295
278;296
278;297
278;298
278;304
278;305
278;307
278;309
278;310
278;315
278;316
278;317
278;318
278;319
278;320
278;321
278;324
278;331
278;333
278;334
278;341
278;345
278;346
278;352
278;353
278;355
278;356
278;360
278;366
278;370
278;373
278;375
278;376
278;377
278;378
278;379
278;381
278;382
278;383
278;384
278;386
278;388
278;389
278;390
278;391
278;392
278;393
279;254
279;261
279;265
279;269
279;277
279;287
279;288
279;289
279;294
279;299
279;300
279;303
279;311
279;312
279;314
279;315
279;321
279;325
279;327
279;328
279;329
279;330
279;332
279;337
279;339
279;343
279;344
279;347
279;348
279;351
279;357
279;358
279;359
279;380
279;385
279;391
279;394
280;262
280;274
280;281
280;283
280;290
280;293
280;308
280;326
280;357
280;360
280;364
280;367
280;371
281;138
281;139
281;261
281;262
281;267
281;274
281;277
281;280
281;282
281;283
281;290
281;293
281;308
281;314
281;315
281;324
281;326
281;330
281;335
281;338
281;352
281;357
281;360
281;365
281;367
281;371
282;138
282;139
282;254
282;260
282;261
282;267
282;268
282;271
282;273
282;276
282;277
282;278
282;281
282;285
282;286
282;288
282;290
282;293
282;295
282;296
282;297
282;298
282;304
282;305
282;307
282;309
282;310
282;314
282;315
282;316
282;317
282;318
282;319
282;320
282;321
282;324
282;325
282;330
282;331
282;333
282;334
282;338
282;341
282;345
282;346
282;352
282;353
282;355
282;356
282;357
282;360
282;366
282;367
282;370
282;373
282;375
282;376
282;377
282;378
282;379
282;381
282;382
282;383
282;384
282;386
282;388
282;389
282;390
282;391
282;392
282;393
283;261
283;262
283;267
283;274
283;277
283;280
283;281
283;306
283;308
283;324
283;326
283;335
283;352
283;357
283;360
283;364
283;365
283;371
284;148
284;267
284;272
284;274
284;275
284;287
284;290
284;301
284;302
284;322
284;323
284;324
284;325
284;329
284;330
284;335
284;340
284;342
284;349
284;352
284;360
284;374
284;391
284;395
285;138
285;139
285;254
285;260
285;261
285;267
285;268
285;271
285;273
285;276
285;277
285;278
285;282
285;286
285;288
285;295
285;296
285;297
285;298
285;304
285;305
285;307
285;309
285;310
285;315
285;316
285;317
285;318
285;319
285;320
285;321
285;324
285;331
285;333
285;334
285;341
285;345
285;346
285;352
285;353
285;355
285;356
285;360
285;366
285;370
285;373
285;375
285;376
285;377
285;378
285;379
285;381
285;382
285;383
285;384
285;386
285;388
285;389
285;390
285;391
285;392
285;393
286;138
286;139
286;254
286;260
286;261
286;267
286;268
286;271
286;273
286;276
286;277
286;278
286;282
286;285
286;288
286;295
286;296
286;297
286;298
286;304
286;305
286;307
286;309
286;310
286;315
286;316
286;317
286;318
286;319
286;320
286;321
286;324
286;331
286;333
286;334
286;341
286;345
286;346
286;352
286;353
286;355
286;356
286;360
286;366
286;370
286;373
286;375
286;376
286;377
286;378
286;379
286;381
286;382
286;383
286;384
286;386
286;388
286;389
286;390
286;391
286;392
286;393
287;130
287;132
287;148
287;261
287;267
287;272
287;273
287;275
287;277
287;279
287;284
287;288
287;289
287;290
287;294
287;299
287;300
287;301
287;302
287;303
287;305
287;309
287;310
287;315
287;320
287;322
287;323
287;324
287;328
287;329
287;330
287;331
287;332
287;334
287;337
287;338
287;339
287;340
287;341
287;342
287;345
287;346
287;349
287;350
287;351
287;352
287;356
287;368
287;373
287;374
287;375
287;376
287;379
287;381
287;382
287;383
287;384
287;386
287;388
287;389
287;390
287;391
287;392
287;393
287;395
288;138
288;139
288;254
288;260
288;261
288;264
288;265
288;267
288;268
288;271
288;273
288;276
288;277
288;278
288;279
288;282
288;285
288;286
288;287
288;290
288;295
288;296
288;297
288;298
288;304
288;305
288;307
288;309
288;310
288;311
288;312
288;314
288;315
288;316
288;317
288;318
288;319
288;320
288;321
288;322
288;323
288;324
288;325
288;327
288;329
288;330
288;331
288;333
288;334
288;341
288;343
288;344
288;345
288;346
288;347
288;348
288;350
288;352
288;353
288;354
288;355
288;356
288;357
288;358
288;359
288;366
288;368
288;370
288;373
288;375
288;376
288;377
288;378
288;379
288;380
288;381
288;382
288;383
288;384
288;385
288;386
288;388
288;389
288;390
288;391
288;392
288;393
288;394
288;395
289;265
289;279
289;287
289;290
289;303
289;311
289;312
289;322
289;323
289;326
289;327
289;343
289;347
289;348
289;351
289;358
289;359
289;380
289;385
289;391
289;394
289;395
290;130
290;132
290;138
290;139
290;148
290;261
290;263
290;267
290;272
290;273
290;275
290;277
290;280
290;281
290;282
290;284
290;287
290;288
290;289
290;293
290;301
290;302
290;303
290;305
290;309
290;310
290;315
290;320
290;322
290;323
290;324
290;326
290;329
290;330
290;331
290;334
290;338
290;340
290;341
290;342
290;344
290;345
290;346
290;349
290;350
290;351
290;352
290;356
290;357
290;367
290;368
290;370
290;371
290;373
290;374
290;375
290;376
290;379
290;381
290;382
290;383
290;384
290;386
290;387
290;388
290;389
290;390
290;391
290;392
290;393
290;395
291;213
291;270
291;274
291;292
291;306
291;308
291;321
291;335
291;336
291;360
291;361
291;362
291;363
291;364
291;365
291;372
292;270
292;274
292;291
292;293
292;314
292;321
292;325
292;335
292;338
292;360
292;363
292;364
292;365
292;367
292;372
293;138
293;139
293;274
293;280
293;281
293;282
293;290
293;292
293;314
293;315
293;326
293;338
293;357
293;360
293;367
293;371
294;254
294;261
294;265
294;269
294;273
294;277
294;279
294;287
294;299
294;300
294;303
294;309
294;310
294;311
294;312
294;315
294;320
294;325
294;326
294;327
294;328
294;329
294;330
294;331
294;332
294;334
294;337
294;339
294;341
294;343
294;345
294;347
294;348
294;350
294;351
294;356
294;357
294;358
294;359
294;368
294;373
294;375
294;376
294;379
294;380
294;381
294;382
294;383
294;385
294;389
294;390
294;393
294;394
295;138
295;139
295;254
295;260
295;261
295;267
295;268
295;271
295;273
295;276
295;277
295;278
295;282
295;285
295;286
295;288
295;296
295;297
295;298
295;304
295;305
295;307
295;309
295;310
295;315
295;316
295;317
295;318
295;319
295;320
295;321
295;324
295;331
295;333
295;334
295;341
295;345
295;346
295;352
295;353
295;355
295;356
295;360
295;366
295;370
295;373
295;375
295;376
295;377
295;378
295;379
295;381
295;382
295;383
295;384
295;386
295;388
295;389
295;390
295;391
295;392
295;393
296;138
296;139
296;254
296;260
296;261
296;267
296;268
296;271
296;273
296;276
296;277
296;278
296;282
296;285
296;286
296;288
296;295
296;297
296;298
296;304
296;305
296;307
296;309
296;310
296;315
296;316
296;317
296;318
296;319
296;320
296;321
296;324
296;331
296;333
296;334
296;341
296;345
296;346
296;352
296;353
296;355
296;356
296;360
296;366
296;370
296;373
296;375
296;376
296;377
296;378
296;379
296;381
296;382
296;383
296;384
296;386
296;388
296;389
296;390
296;391
296;392
296;393
297;138
297;139
297;254
297;260
297;261
297;267
297;268
297;271
297;273
297;276
297;277
297;278
297;282
297;285
297;286
297;288
297;295
297;296
297;298
297;304
297;305
297;307
297;309
297;310
297;315
297;316
297;317
297;318
297;319
297;320
297;321
297;324
297;331
297;333
297;334
297;341
297;345
297;346
297;352
297;353
297;355
297;356
297;360
297;366
297;370
297;373
297;375
297;376
297;377
297;378
297;379
297;381
297;382
297;383
297;384
297;386
297;388
297;389
297;390
297;391
297;392
297;393
298;138
298;139
298;254
298;260
298;261
298;267
298;268
298;271
298;273
298;276
298;277
298;278
298;282
298;285
298;286
298;288
298;295
298;296
298;297
298;304
298;305
298;307
298;309
298;310
298;315
298;316
298;317
298;318
298;319
298;320
298;321
298;324
298;331
298;333
298;334
298;341
298;345
298;346
298;352
298;353
298;355
298;356
298;360
298;366
298;370
298;373
298;375
298;376
298;377
298;378
298;379
298;381
298;382
298;383
298;384
298;386
298;388
298;389
298;390
298;391
298;392
298;393
299;254
299;261
299;265
299;269
299;273
299;277
299;279
299;287
299;294
299;300
299;303
299;309
299;310
299;311
299;312
299;315
299;320
299;325
299;326
299;327
299;328
299;329
299;330
299;331
299;332
299;334
299;337
299;339
299;341
299;343
299;345
299;347
299;348
299;350
299;351
299;356
299;357
299;358
299;359
299;368
299;373
299;375
299;376
299;379
299;380
299;381
299;382
299;383
299;385
299;389
299;390
299;393
299;394
300;254
300;261
300;265
300;269
300;273
300;277
300;279
300;287
300;294
300;299
300;303
300;309
300;310
300;311
300;312
300;315
300;320
300;325
300;326
300;327
300;328
300;329
300;330
300;331
300;332
300;334
300;337
300;339
300;341
300;343
300;345
300;347
300;348
300;350
300;351
300;356
300;357
300;358
300;359
300;368
300;373
300;375
300;376
300;379
300;380
300;381
300;382
300;383
300;385
300;389
300;390
300;393
300;394
301;148
301;267
301;272
301;274
301;275
301;284
301;287
301;290
301;302
301;322
301;323
301;324
301;325
301;329
301;330
301;335
301;340
301;342
301;349
301;352
301;360
301;374
301;391
301;395
302;148
302;267
302;272
302;274
302;275
302;284
302;287
302;290
302;301
302;322
302;323
302;324
302;325
302;329
302;330
302;335
302;340
302;342
302;349
302;352
302;360
302;374
302;391
302;395
303;265
303;279
303;287
303;289
303;290
303;294
303;299
303;300
303;310
303;311
303;312
303;320
303;322
303;323
303;327
303;328
303;330
303;331
303;332
303;334
303;337
303;339
303;343
303;345
303;347
303;348
303;350
303;351
303;356
303;358
303;359
303;373
303;376
303;379
303;380
303;381
303;382
303;383
303;385
303;388
303;389
303;390
303;391
303;393
303;394
303;395
304;138
304;139
304;254
304;260
304;261
304;267
304;268
304;271
304;273
304;276
304;277
304;278
304;282
304;285
304;286
304;288
304;295
304;296
304;297
304;298
304;305
304;307
304;309
304;310
304;315
304;316
304;317
304;318
304;319
304;320
304;321
304;324
304;331
304;333
304;334
304;341
304;345
304;346
304;352
304;353
304;355
304;356
304;360
304;366
304;370
304;373
304;375
304;376
304;377
304;378
304;379
304;381
304;382
304;383
304;384
304;386
304;388
304;389
304;390
304;391
304;392
304;393
305;138
305;139
305;254
305;260
305;261
305;263
305;264
305;267
305;268
305;271
305;273
305;276
305;278
305;282
305;285
305;286
305;287
305;288
305;290
305;295
305;296
305;297
305;298
305;304
305;307
305;309
305;310
305;315
305;316
305;317
305;318
305;319
305;320
305;324
305;325
305;329
305;330
305;331
305;333
305;334
305;341
305;345
305;346
305;350
305;352
305;353
305;354
305;355
305;356
305;366
305;368
305;370
305;373
305;375
305;376
305;377
305;378
305;379
305;381
305;382
305;383
305;384
305;386
305;387
305;388
305;389
305;390
305;391
305;392
305;393
305;395
306;262
306;269
306;270
306;274
306;277
306;283
306;291
306;329
306;335
306;336
306;363
306;364
306;372
307;138
307;139
307;254
307;260
307;261
307;267
307;268
307;271
307;273
307;276
307;277
307;278
307;282
307;285
307;286
307;288
307;295
307;296
307;297
307;298
307;304
307;305
307;309
307;310
307;315
307;316
307;317
307;318
307;319
307;320
307;321
307;324
307;331
307;333
307;334
307;341
307;345
307;346
307;352
307;353
307;355
307;356
307;360
307;366
307;370
307;373
307;375
307;376
307;377
307;378
307;379
307;381
307;382
307;383
307;384
307;386
307;388
307;389
307;390
307;391
307;392
307;393
308;130
308;132
308;213
308;215
308;216
308;261
308;262
308;267
308;274
308;280
308;281
308;283
308;291
308;324
308;335
308;352
308;360
308;361
308;362
308;363
308;364
308;365
308;371
308;372
309;138
309;139
309;254
309;260
309;261
309;263
309;264
309;265
309;267
309;268
309;271
309;273
309;276
309;277
309;278
309;282
309;285
309;286
309;287
309;288
309;290
309;294
309;295
309;296
309;297
309;298
309;299
309;300
309;304
309;305
309;307
309;310
309;311
309;312
309;315
309;316
309;317
309;318
309;319
309;320
309;321
309;322
309;323
309;324
309;325
309;327
309;328
309;329
309;330
309;331
309;332
309;333
309;334
309;337
309;339
309;341
309;343
309;345
309;346
309;347
309;348
309;350
309;351
309;352
309;353
309;354
309;355
309;356
309;358
309;359
309;366
309;368
309;370
309;373
309;375
309;376
309;377
309;378
309;379
309;380
309;381
309;382
309;383
309;384
309;385
309;386
309;387
309;388
309;389
309;390
309;391
309;392
309;393
309;394
309;395
310;138
310;139
310;254
310;260
310;261
310;265
310;268
310;271
310;273
310;276
310;277
310;278
310;282
310;285
310;286
310;287
310;288
310;290
310;294
310;295
310;296
310;297
310;298
310;299
310;300
310;303
310;304
310;305
310;307
310;309
310;311
310;312
310;315
310;316
310;317
310;318
310;319
310;320
310;321
310;325
310;326
310;327
310;328
310;329
310;330
310;331
310;332
310;333
310;334
310;337
310;339
310;341
310;343
310;345
310;346
310;347
310;348
310;350
310;351
310;353
310;355
310;356
310;357
310;358
310;359
310;366
310;368
310;370
310;373
310;375
310;376
310;377
310;378
310;379
310;380
310;381
310;382
310;383
310;384
310;385
310;386
310;389
310;390
310;391
310;392
310;393
310;394
310;395
311;254
311;261
311;265
311;273
311;277
311;279
311;288
311;289
311;294
311;299
311;300
311;303
311;309
311;310
311;312
311;315
311;320
311;321
311;326
311;327
311;328
311;331
311;332
311;334
311;337
311;339
311;341
311;343
311;344
311;345
311;347
311;348
311;350
311;351
311;356
311;357
311;358
311;359
311;368
311;373
311;375
311;376
311;379
311;380
311;381
311;382
311;383
311;385
311;389
311;390
311;391
311;392
311;393
311;394
312;254
312;261
312;265
312;273
312;277
312;279
312;288
312;289
312;294
312;299
312;300
312;303
312;309
312;310
312;311
312;315
312;320
312;321
312;326
312;327
312;328
312;331
312;332
312;334
312;337
312;339
312;341
312;343
312;344
312;345
312;347
312;348
312;350
312;351
312;356
312;357
312;358
312;359
312;368
312;373
312;375
312;376
312;379
312;380
312;381
312;382
312;383
312;385
312;389
312;390
312;391
312;392
312;393
312;394
314;138
314;139
314;261
314;267
314;277
314;279
314;281
314;282
314;288
314;292
314;293
314;315
314;321
314;324
314;335
314;338
314;344
314;352
314;357
314;360
314;365
314;367
314;388
314;391
315;138
315;139
315;254
315;260
315;261
315;265
315;267
315;268
315;271
315;273
315;276
315;277
315;278
315;279
315;281
315;282
315;285
315;286
315;287
315;288
315;290
315;293
315;294
315;295
315;296
315;297
315;298
315;299
315;300
315;304
315;305
315;307
315;309
315;310
315;311
315;312
315;314
315;316
315;317
315;318
315;319
315;320
315;321
315;322
315;323
315;324
315;325
315;327
315;328
315;330
315;331
315;332
315;333
315;334
315;337
315;339
315;341
315;343
315;344
315;345
315;346
315;347
315;348
315;350
315;351
315;352
315;353
315;355
315;356
315;357
315;358
315;359
315;360
315;366
315;373
315;375
315;376
315;377
315;378
315;379
315;380
315;381
315;382
315;383
315;384
315;385
315;386
315;388
315;389
315;390
315;391
315;392
315;393
315;394
316;138
316;139
316;254
316;260
316;261
316;267
316;268
316;271
316;273
316;276
316;277
316;278
316;282
316;285
316;286
316;288
316;295
316;296
316;297
316;298
316;304
316;305
316;307
316;309
316;310
316;315
316;317
316;318
316;319
316;320
316;321
316;324
316;331
316;333
316;334
316;341
316;345
316;346
316;352
316;353
316;355
316;356
316;360
316;366
316;370
316;373
316;375
316;376
316;377
316;378
316;379
316;381
316;382
316;383
316;384
316;386
316;388
316;389
316;390
316;391
316;392
316;393
317;138
317;139
317;254
317;260
317;261
317;267
317;268
317;271
317;273
317;276
317;277
317;278
317;282
317;285
317;286
317;288
317;295
317;296
317;297
317;298
317;304
317;305
317;307
317;309
317;310
317;315
317;316
317;318
317;319
317;320
317;321
317;324
317;331
317;333
317;334
317;341
317;345
317;346
317;352
317;353
317;355
317;356
317;360
317;366
317;370
317;373
317;375
317;376
317;377
317;378
317;379
317;381
317;382
317;383
317;384
317;386
317;388
317;389
317;390
317;391
317;392
317;393
318;138
318;139
318;254
318;260
318;261
318;267
318;268
318;271
318;273
318;276
318;277
318;278
318;282
318;285
318;286
318;288
318;295
318;296
318;297
318;298
318;304
318;305
318;307
318;309
318;310
318;315
318;316
318;317
318;319
318;320
318;321
318;324
318;331
318;333
318;334
318;341
318;345
318;346
318;352
318;353
318;355
318;356
318;360
318;366
318;370
318;373
318;375
318;376
318;377
318;378
318;379
318;381
318;382
318;383
318;384
318;386
318;388
318;389
318;390
318;391
318;392
318;393
319;138
319;139
319;254
319;260
319;261
319;267
319;268
319;271
319;273
319;276
319;277
319;278
319;282
319;285
319;286
319;288
319;295
319;296
319;297
319;298
319;304
319;305
319;307
319;309
319;310
319;315
319;316
319;317
319;318
319;320
319;321
319;324
319;331
319;333
319;334
319;341
319;345
319;346
319;352
319;353
319;355
319;356
319;360
319;366
319;370
319;373
319;375
319;376
319;377
319;378
319;379
319;381
319;382
319;383
319;384
319;386
319;388
319;389
319;390
319;391
319;392
319;393
320;138
320;139
320;254
320;260
320;261
320;265
320;268
320;271
320;273
320;276
320;277
320;278
320;282
320;285
320;286
320;287
320;288
320;290
320;294
320;295
320;296
320;297
320;298
320;299
320;300
320;303
320;304
320;305
320;307
320;309
320;310
320;311
320;312
320;315
320;316
320;317
320;318
320;319
320;321
320;325
320;326
320;327
320;328
320;329
320;330
320;331
320;332
320;333
320;334
320;337
320;339
320;341
320;343
320;345
320;346
320;347
320;348
320;350
320;351
320;353
320;355
320;356
320;357
320;358
320;359
320;366
320;368
320;370
320;373
320;375
320;376
320;377
320;378
320;379
320;380
320;381
320;382
320;383
320;384
320;385
320;386
320;389
320;390
320;391
320;392
320;393
320;394
320;395
321;138
321;139
321;254
321;260
321;261
321;265
321;268
321;270
321;271
321;273
321;274
321;276
321;277
321;278
321;279
321;282
321;285
321;286
321;288
321;291
321;292
321;295
321;296
321;297
321;298
321;304
321;307
321;309
321;310
321;311
321;312
321;314
321;315
321;316
321;317
321;318
321;319
321;320
321;322
321;323
321;325
321;327
321;331
321;333
321;334
321;335
321;341
321;343
321;344
321;345
321;347
321;348
321;353
321;355
321;356
321;357
321;358
321;359
321;360
321;363
321;366
321;372
321;373
321;375
321;376
321;377
321;378
321;379
321;380
321;381
321;382
321;383
321;385
321;389
321;390
321;391
321;392
321;393
321;394
322;148
322;261
322;267
322;272
322;273
322;275
322;277
322;284
322;287
322;288
322;289
322;290
322;301
322;302
322;303
322;309
322;315
322;321
322;323
322;324
322;326
322;329
322;330
322;338
322;340
322;341
322;342
322;344
322;349
322;352
322;357
322;367
322;368
322;370
322;374
322;375
322;388
322;391
322;395
323;148
323;261
323;267
323;272
323;273
323;275
323;277
323;284
323;287
323;288
323;289
323;290
323;301
323;302
323;303
323;309
323;315
323;321
323;322
323;324
323;326
323;329
323;330
323;338
323;340
323;341
323;342
323;344
323;349
323;352
323;357
323;367
323;368
323;370
323;374
323;375
323;388
323;391
323;395
324;138
324;139
324;260
324;261
324;262
324;263
324;264
324;267
324;268
324;271
324;272
324;275
324;276
324;277
324;278
324;281
324;282
324;283
324;284
324;285
324;286
324;287
324;288
324;290
324;295
324;296
324;297
324;298
324;301
324;302
324;304
324;305
324;307
324;308
324;309
324;314
324;315
324;316
324;317
324;318
324;319
324;322
324;323
324;329
324;330
324;333
324;338
324;340
324;341
324;342
324;346
324;349
324;352
324;353
324;354
324;355
324;357
324;360
324;366
324;367
324;369
324;370
324;374
324;375
324;377
324;378
324;384
324;386
324;388
324;391
324;395
325;76
325;96
325;138
325;139
325;148
325;169
325;261
325;270
325;272
325;275
325;277
325;279
325;282
325;284
325;288
325;292
325;294
325;299
325;300
325;301
325;302
325;305
325;309
325;310
325;315
325;320
325;321
325;328
325;331
325;332
325;334
325;337
325;339
325;340
325;341
325;342
325;345
325;346
325;349
325;350
325;356
325;360
325;361
325;365
325;373
325;374
325;375
325;376
325;379
325;381
325;382
325;383
325;384
325;386
325;389
325;390
325;391
325;392
325;393
326;261
326;262
326;265
326;274
326;277
326;280
326;281
326;283
326;289
326;290
326;293
326;294
326;299
326;300
326;310
326;311
326;312
326;320
326;322
326;323
326;327
326;328
326;331
326;332
326;334
326;337
326;339
326;343
326;345
326;347
326;348
326;350
326;351
326;356
326;357
326;358
326;359
326;360
326;364
326;371
326;373
326;376
326;379
326;380
326;381
326;382
326;383
326;385
326;389
326;390
326;393
326;394
327;254
327;261
327;265
327;273
327;277
327;279
327;288
327;289
327;294
327;299
327;300
327;303
327;309
327;310
327;311
327;312
327;315
327;320
327;321
327;326
327;328
327;331
327;332
327;334
327;337
327;339
327;341
327;343
327;344
327;345
327;347
327;348
327;350
327;351
327;356
327;357
327;358
327;359
327;368
327;373
327;375
327;376
327;379
327;380
327;381
327;382
327;383
327;385
327;389
327;390
327;391
327;392
327;393
327;394
328;254
328;261
328;265
328;269
328;273
328;277
328;279
328;287
328;294
328;299
328;300
328;303
328;309
328;310
328;311
328;312
328;315
328;320
328;325
328;326
328;327
328;329
328;330
328;331
328;332
328;334
328;337
328;339
328;341
328;343
328;345
328;347
328;348
328;350
328;351
328;356
328;357
328;358
328;359
328;368
328;373
328;375
328;376
328;379
328;380
328;381
328;382
328;383
328;385
328;389
328;390
328;393
328;394
329;148
329;261
329;263
329;267
329;272
329;275
329;277
329;279
329;284
329;287
329;288
329;290
329;294
329;299
329;300
329;301
329;302
329;305
329;306
329;309
329;310
329;320
329;322
329;323
329;324
329;328
329;330
329;331
329;332
329;334
329;337
329;339
329;340
329;341
329;342
329;344
329;345
329;346
329;349
329;350
329;351
329;352
329;356
329;370
329;373
329;374
329;375
329;376
329;379
329;381
329;382
329;383
329;384
329;386
329;388
329;389
329;390
329;391
329;392
329;393
329;395
330;130
330;132
330;138
330;139
330;148
330;261
330;263
330;267
330;272
330;273
330;275
330;277
330;279
330;281
330;282
330;284
330;287
330;288
330;290
330;294
330;299
330;300
330;301
330;302
330;303
330;305
330;309
330;310
330;315
330;320
330;322
330;323
330;324
330;328
330;329
330;331
330;332
330;334
330;337
330;338
330;339
330;340
330;341
330;342
330;344
330;345
330;346
330;349
330;350
330;351
330;352
330;356
330;357
330;368
330;370
330;373
330;374
330;375
330;376
330;379
330;381
330;382
330;383
330;384
330;386
330;387
330;388
330;389
330;390
330;391
330;392
330;393
330;395
331;138
331;139
331;254
331;260
331;261
331;265
331;268
331;271
331;273
331;276
331;277
331;278
331;282
331;285
331;286
331;287
331;288
331;290
331;294
331;295
331;296
331;297
331;298
331;299
331;300
331;303
331;304
331;305
331;307
331;309
331;310
331;311
331;312
331;315
331;316
331;317
331;318
331;319
331;320
331;321
331;325
331;326
331;327
331;328
331;329
331;330
331;332
331;333
331;334
331;337
331;339
331;341
331;343
331;345
331;346
331;347
331;348
331;350
331;351
331;353
331;355
331;356
331;357
331;358
331;359
331;366
331;368
331;370
331;373
331;375
331;376
331;377
331;378
331;379
331;380
331;381
331;382
331;383
331;384
331;385
331;386
331;389
331;390
331;391
331;392
331;393
331;394
331;395
332;254
332;261
332;265
332;269
332;273
332;277
332;279
332;287
332;294
332;299
332;300
332;303
332;309
332;310
332;311
332;312
332;315
332;320
332;325
332;326
332;327
332;328
332;329
332;330
332;331
332;334
332;337
332;339
332;341
332;343
332;345
332;347
332;348
332;350
332;351
332;356
332;357
332;358
332;359
332;368
332;373
332;375
332;376
332;379
332;380
332;381
332;382
332;383
332;385
332;389
332;390
332;393
332;394
333;138
333;139
333;254
333;260
333;261
333;267
333;268
333;271
333;273
333;276
333;277
333;278
333;282
333;285
333;286
333;288
333;295
333;296
333;297
333;298
333;304
333;305
333;307
333;309
333;310
333;315
333;316
333;317
333;318
333;319
333;320
333;321
333;324
333;331
333;334
333;341
333;345
333;346
333;352
333;353
333;355
333;356
333;360
333;366
333;370
333;373
333;375
333;376
333;377
333;378
333;379
333;381
333;382
333;383
333;384
333;386
333;388
333;389
333;390
333;391
333;392
333;393
334;138
334;139
334;254
334;260
334;261
334;265
334;268
334;271
334;273
334;276
334;277
334;278
334;282
334;285
334;286
334;287
334;288
334;290
334;294
334;295
334;296
334;297
334;298
334;299
334;300
334;303
334;304
334;305
334;307
334;309
334;310
334;311
334;312
334;315
334;316
334;317
334;318
334;319
334;320
334;321
334;325
334;326
334;327
334;328
334;329
334;330
334;331
334;332
334;333
334;337
334;339
334;341
334;343
334;345
334;346
334;347
334;348
334;350
334;351
334;353
334;355
334;356
334;357
334;358
334;359
334;366
334;368
334;370
334;373
334;375
334;376
334;377
334;378
334;379
334;380
334;381
334;382
334;383
334;384
334;385
334;386
334;389
334;390
334;391
334;392
334;393
334;394
334;395
335;213
335;262
335;270
335;272
335;274
335;275
335;281
335;283
335;284
335;291
335;292
335;301
335;302
335;306
335;308
335;314
335;321
335;336
335;338
335;340
335;342
335;349
335;357
335;360
335;361
335;362
335;363
335;364
335;365
335;372
335;374
336;213
336;270
336;274
336;291
336;306
336;335
336;360
336;361
336;363
336;365
336;372
337;254
337;261
337;265
337;269
337;273
337;277
337;279
337;287
337;294
337;299
337;300
337;303
337;309
337;310
337;311
337;312
337;315
337;320
337;325
337;326
337;327
337;328
337;329
337;330
337;331
337;332
337;334
337;339
337;341
337;343
337;345
337;347
337;348
337;350
337;351
337;356
337;357
337;358
337;359
337;368
337;373
337;375
337;376
337;379
337;380
337;381
337;382
337;383
337;385
337;389
337;390
337;393
337;394
338;130
338;131
338;132
338;138
338;139
338;261
338;267
338;281
338;282
338;287
338;290
338;292
338;293
338;314
338;322
338;323
338;324
338;330
338;335
338;344
338;352
338;360
338;361
338;365
338;388
338;391
339;254
339;261
339;265
339;269
339;273
339;277
339;279
339;287
339;294
339;299
339;300
339;303
339;309
339;310
339;311
339;312
339;315
339;320
339;325
339;326
339;327
339;328
339;329
339;330
339;331
339;332
339;334
339;337
339;341
339;343
339;345
339;347
339;348
339;350
339;351
339;356
339;357
339;358
339;359
339;368
339;373
339;375
339;376
339;379
339;380
339;381
339;382
339;383
339;385
339;389
339;390
339;393
339;394
340;148
340;267
340;272
340;274
340;275
340;284
340;287
340;290
340;301
340;302
340;322
340;323
340;324
340;325
340;329
340;330
340;335
340;342
340;349
340;352
340;360
340;374
340;391
340;395
341;138
341;139
341;254
341;260
341;261
341;263
341;264
341;265
341;267
341;268
341;271
341;273
341;276
341;277
341;278
341;282
341;285
341;286
341;287
341;288
341;290
341;294
341;295
341;296
341;297
341;298
341;299
341;300
341;304
341;305
341;307
341;309
341;310
341;311
341;312
341;315
341;316
341;317
341;318
341;319
341;320
341;321
341;322
341;323
341;324
341;325
341;327
341;328
341;329
341;330
341;331
341;332
341;333
341;334
341;337
341;339
341;343
341;345
341;346
341;347
341;348
341;350
341;351
341;352
341;353
341;354
341;355
341;356
341;358
341;359
341;366
341;368
341;370
341;373
341;375
341;376
341;377
341;378
341;379
341;380
341;381
341;382
341;383
341;384
341;385
341;386
341;387
341;388
341;389
341;390
341;391
341;392
341;393
341;394
341;395
342;148
342;267
342;272
342;274
342;275
342;284
342;287
342;290
342;301
342;302
342;322
342;323
342;324
342;325
342;329
342;330
342;335
342;340
342;349
342;352
342;360
342;374
342;391
342;395
343;254
343;261
343;265
343;273
343;277
343;279
343;288
343;289
343;294
343;299
343;300
343;303
343;309
343;310
343;311
343;312
343;315
343;320
343;321
343;326
343;327
343;328
343;331
343;332
343;334
343;337
343;339
343;341
343;344
343;345
343;347
343;348
343;350
343;351
343;356
343;357
343;358
343;359
343;368
343;373
343;375
343;376
343;379
343;380
343;381
343;382
343;383
343;385
343;389
343;390
343;391
343;392
343;393
343;394
344;131
344;254
344;265
344;277
344;279
344;288
344;290
344;311
344;312
344;314
344;315
344;321
344;322
344;323
344;327
344;329
344;330
344;338
344;343
344;347
344;348
344;357
344;358
344;359
344;367
344;369
344;380
344;385
344;394
344;395
345;138
345;139
345;254
345;260
345;261
345;265
345;268
345;271
345;273
345;276
345;277
345;278
345;282
345;285
345;286
345;287
345;288
345;290
345;294
345;295
345;296
345;297
345;298
345;299
345;300
345;303
345;304
345;305
345;307
345;309
345;310
345;311
345;312
345;315
345;316
345;317
345;318
345;319
345;320
345;321
345;325
345;326
345;327
345;328
345;329
345;330
345;331
345;332
345;333
345;334
345;337
345;339
345;341
345;343
345;346
345;347
345;348
345;350
345;351
345;353
345;355
345;356
345;357
345;358
345;359
345;366
345;368
345;370
345;373
345;375
345;376
345;377
345;378
345;379
345;380
345;381
345;382
345;383
345;384
345;385
345;386
345;389
345;390
345;391
345;392
345;393
345;394
345;395
346;138
346;139
346;254
346;260
346;261
346;263
346;264
346;267
346;268
346;271
346;273
346;276
346;278
346;282
346;285
346;286
346;287
346;288
346;290
346;295
346;296
346;297
346;298
346;304
346;305
346;307
346;309
346;310
346;315
346;316
346;317
346;318
346;319
346;320
346;324
346;325
346;329
346;330
346;331
346;333
346;334
346;341
346;345
346;350
346;352
346;353
346;354
346;355
346;356
346;366
346;368
346;370
346;373
346;375
346;376
346;377
346;378
346;379
346;381
346;382
346;383
346;384
346;386
346;387
346;388
346;389
346;390
346;391
346;392
346;393
346;395
347;254
347;261
347;265
347;273
347;277
347;279
347;288
347;289
347;294
347;299
347;300
347;303
347;309
347;310
347;311
347;312
347;315
347;320
347;321
347;326
347;327
347;328
347;331
347;332
347;334
347;337
347;339
347;341
347;343
347;344
347;345
347;348
347;350
347;351
347;356
347;357
347;358
347;359
347;368
347;373
347;375
347;376
347;379
347;380
347;381
347;382
347;383
347;385
347;389
347;390
347;391
347;392
347;393
347;394
348;254
348;261
348;265
348;273
348;277
348;279
348;288
348;289
348;294
348;299
348;300
348;303
348;309
348;310
348;311
348;312
348;315
348;320
348;321
348;326
348;327
348;328
348;331
348;332
348;334
348;337
348;339
348;341
348;343
348;344
348;345
348;347
348;350
348;351
348;356
348;357
348;358
348;359
348;368
348;373
348;375
348;376
348;379
348;380
348;381
348;382
348;383
348;385
348;389
348;390
348;391
348;392
348;393
348;394
349;148
349;267
349;272
349;274
349;275
349;284
349;287
349;290
349;301
349;302
349;322
349;323
349;324
349;325
349;329
349;330
349;335
349;340
349;342
349;352
349;360
349;374
349;391
349;395
350;254
350;261
350;263
350;264
350;265
350;273
350;287
350;288
350;290
350;294
350;299
350;300
350;303
350;305
350;309
350;310
350;311
350;312
350;315
350;320
350;325
350;326
350;327
350;328
350;329
350;330
350;331
350;332
350;334
350;337
350;339
350;341
350;343
350;345
350;346
350;347
350;348
350;351
350;354
350;356
350;357
350;358
350;359
350;368
350;370
350;373
350;375
350;376
350;379
350;380
350;381
350;382
350;383
350;384
350;385
350;386
350;387
350;389
350;390
350;391
350;393
350;394
350;395
351;254
351;265
351;273
351;279
351;287
351;289
351;290
351;294
351;299
351;300
351;303
351;309
351;310
351;311
351;312
351;315
351;320
351;326
351;327
351;328
351;329
351;330
351;331
351;332
351;334
351;337
351;339
351;341
351;343
351;345
351;347
351;348
351;350
351;356
351;357
351;358
351;359
351;368
351;373
351;375
351;376
351;379
351;380
351;381
351;382
351;383
351;385
351;389
351;390
351;391
351;393
351;394
351;395
352;138
352;139
352;260
352;261
352;262
352;263
352;264
352;267
352;268
352;271
352;272
352;275
352;276
352;277
352;278
352;281
352;282
352;283
352;284
352;285
352;286
352;287
352;288
352;290
352;295
352;296
352;297
352;298
352;301
352;302
352;304
352;305
352;307
352;308
352;309
352;314
352;315
352;316
352;317
352;318
352;319
352;322
352;323
352;324
352;329
352;330
352;333
352;338
352;340
352;341
352;342
352;346
352;349
352;353
352;354
352;355
352;357
352;360
352;366
352;367
352;369
352;370
352;374
352;375
352;377
352;378
352;384
352;386
352;388
352;391
352;395
353;138
353;139
353;254
353;260
353;261
353;267
353;268
353;271
353;273
353;276
353;277
353;278
353;282
353;285
353;286
353;288
353;295
353;296
353;297
353;298
353;304
353;305
353;307
353;309
353;310
353;315
353;316
353;317
353;318
353;319
353;320
353;321
353;324
353;331
353;333
353;334
353;341
353;345
353;346
353;352
353;355
353;356
353;360
353;366
353;370
353;373
353;375
353;376
353;377
353;378
353;379
353;381
353;382
353;383
353;384
353;386
353;388
353;389
353;390
353;391
353;392
353;393
354;261
354;263
354;264
354;267
354;288
354;305
354;309
354;324
354;341
354;346
354;350
354;352
354;368
354;370
354;375
354;384
354;386
354;387
354;388
354;391
355;138
355;139
355;254
355;260
355;261
355;267
355;268
355;271
355;273
355;276
355;277
355;278
355;282
355;285
355;286
355;288
355;295
355;296
355;297
355;298
355;304
355;305
355;307
355;309
355;310
355;315
355;316
355;317
355;318
355;319
355;320
355;321
355;324
355;331
355;333
355;334
355;341
355;345
355;346
355;352
355;353
355;356
355;360
355;366
355;370
355;373
355;375
355;376
355;377
355;378
355;379
355;381
355;382
355;383
355;384
355;386
355;388
355;389
355;390
355;391
355;392
355;393
356;138
356;139
356;254
356;260
356;261
356;265
356;268
356;271
356;273
356;276
356;277
356;278
356;282
356;285
356;286
356;287
356;288
356;290
356;294
356;295
356;296
356;297
356;298
356;299
356;300
356;303
356;304
356;305
356;307
356;309
356;310
356;311
356;312
356;315
356;316
356;317
356;318
356;319
356;320
356;321
356;325
356;326
356;327
356;328
356;329
356;330
356;331
356;332
356;333
356;334
356;337
356;339
356;341
356;343
356;345
356;346
356;347
356;348
356;350
356;351
356;353
356;355
356;357
356;358
356;359
356;366
356;368
356;370
356;373
356;375
356;376
356;377
356;378
356;379
356;380
356;381
356;382
356;383
356;384
356;385
356;386
356;389
356;390
356;391
356;392
356;393
356;394
356;395
357;138
357;139
357;254
357;261
357;262
357;265
357;267
357;277
357;279
357;280
357;281
357;282
357;283
357;288
357;290
357;293
357;294
357;299
357;300
357;310
357;311
357;312
357;314
357;315
357;320
357;321
357;322
357;323
357;324
357;326
357;327
357;328
357;330
357;331
357;332
357;334
357;335
357;337
357;339
357;343
357;344
357;345
357;347
357;348
357;350
357;351
357;352
357;356
357;358
357;359
357;360
357;365
357;371
357;373
357;376
357;379
357;380
357;381
357;382
357;383
357;385
357;389
357;390
357;391
357;393
357;394
358;254
358;261
358;265
358;273
358;277
358;279
358;288
358;289
358;294
358;299
358;300
358;303
358;309
358;310
358;311
358;312
358;315
358;320
358;321
358;326
358;327
358;328
358;331
358;332
358;334
358;337
358;339
358;341
358;343
358;344
358;345
358;347
358;348
358;350
358;351
358;356
358;357
358;359
358;368
358;373
358;375
358;376
358;379
358;380
358;381
358;382
358;383
358;385
358;389
358;390
358;391
358;392
358;393
358;394
359;254
359;261
359;265
359;273
359;277
359;279
359;288
359;289
359;294
359;299
359;300
359;303
359;309
359;310
359;311
359;312
359;315
359;320
359;321
359;326
359;327
359;328
359;331
359;332
359;334
359;337
359;339
359;341
359;343
359;344
359;345
359;347
359;348
359;350
359;351
359;356
359;357
359;358
359;368
359;373
359;375
359;376
359;379
359;380
359;381
359;382
359;383
359;385
359;389
359;390
359;391
359;392
359;393
359;394
360;138
360;139
360;213
360;260
360;261
360;262
360;267
360;268
360;270
360;271
360;272
360;274
360;275
360;276
360;277
360;278
360;280
360;281
360;282
360;283
360;284
360;285
360;286
360;291
360;292
360;293
360;295
360;296
360;297
360;298
360;301
360;302
360;304
360;307
360;308
360;314
360;315
360;316
360;317
360;318
360;319
360;321
360;324
360;325
360;326
360;333
360;335
360;336
360;338
360;340
360;342
360;349
360;352
360;353
360;355
360;357
360;361
360;362
360;363
360;364
360;365
360;366
360;367
360;371
360;372
360;374
360;377
360;378
361;130
361;132
361;213
361;270
361;274
361;291
361;308
361;325
361;335
361;336
361;338
361;360
361;363
361;365
361;372
362;213
362;215
362;216
362;274
362;291
362;308
362;335
362;360
362;363
362;364
362;372
363;213
363;270
363;274
363;291
363;292
363;306
363;308
363;321
363;335
363;336
363;360
363;361
363;362
363;364
363;365
363;372
364;262
364;270
364;274
364;280
364;283
364;291
364;292
364;306
364;308
364;326
364;335
364;360
364;362
364;363
364;371
364;372
365;199
365;216
365;262
365;270
365;274
365;281
365;283
365;291
365;292
365;308
365;314
365;325
365;335
365;336
365;338
365;357
365;360
365;361
365;363
365;372
366;138
366;139
366;254
366;260
366;261
366;267
366;268
366;271
366;273
366;276
366;277
366;278
366;282
366;285
366;286
366;288
366;295
366;296
366;297
366;298
366;304
366;305
366;307
366;309
366;310
366;315
366;316
366;317
366;318
366;319
366;320
366;321
366;324
366;331
366;333
366;334
366;341
366;345
366;346
366;352
366;353
366;355
366;356
366;360
366;370
366;373
366;375
366;376
366;377
366;378
366;379
366;381
366;382
366;383
366;384
366;386
366;388
366;389
366;390
366;391
366;392
366;393
367;138
367;139
367;263
367;267
367;280
367;281
367;282
367;290
367;292
367;293
367;314
367;322
367;323
367;324
367;344
367;352
367;360
367;369
367;371
368;261
368;263
368;264
368;265
368;273
368;287
368;288
368;290
368;294
368;299
368;300
368;305
368;309
368;310
368;311
368;312
368;320
368;322
368;323
368;327
368;328
368;330
368;331
368;332
368;334
368;337
368;339
368;341
368;343
368;345
368;346
368;347
368;348
368;350
368;351
368;354
368;356
368;358
368;359
368;373
368;375
368;376
368;379
368;380
368;381
368;382
368;383
368;384
368;385
368;386
368;387
368;389
368;390
368;391
368;393
368;394
369;131
369;263
369;267
369;324
369;344
369;352
369;367
369;370
370;138
370;139
370;260
370;261
370;263
370;264
370;267
370;268
370;271
370;276
370;278
370;282
370;285
370;286
370;288
370;290
370;295
370;296
370;297
370;298
370;304
370;305
370;307
370;309
370;310
370;316
370;317
370;318
370;319
370;320
370;322
370;323
370;324
370;329
370;330
370;331
370;333
370;334
370;341
370;345
370;346
370;350
370;352
370;353
370;354
370;355
370;356
370;366
370;369
370;373
370;375
370;376
370;377
370;378
370;379
370;381
370;382
370;383
370;384
370;386
370;387
370;388
370;389
370;390
370;391
370;392
370;393
370;395
371;262
371;274
371;280
371;281
371;283
371;290
371;293
371;308
371;326
371;357
371;360
371;364
371;367
372;213
372;216
372;270
372;274
372;291
372;292
372;306
372;308
372;321
372;335
372;336
372;360
372;361
372;362
372;363
372;364
372;365
373;138
373;139
373;254
373;260
373;261
373;265
373;268
373;271
373;273
373;276
373;277
373;278
373;282
373;285
373;286
373;287
373;288
373;290
373;294
373;295
373;296
373;297
373;298
373;299
373;300
373;303
373;304
373;305
373;307
373;309
373;310
373;311
373;312
373;315
373;316
373;317
373;318
373;319
373;320
373;321
373;325
373;326
373;327
373;328
373;329
373;330
373;331
373;332
373;333
373;334
373;337
373;339
373;341
373;343
373;345
373;346
373;347
373;348
373;350
373;351
373;353
373;355
373;356
373;357
373;358
373;359
373;366
373;368
373;370
373;375
373;376
373;377
373;378
373;379
373;380
373;381
373;382
373;383
373;384
373;385
373;386
373;389
373;390
373;391
373;392
373;393
373;394
373;395
374;148
374;267
374;272
374;274
374;275
374;284
374;287
374;290
374;301
374;302
374;322
374;323
374;324
374;325
374;329
374;330
374;335
374;340
374;342
374;349
374;352
374;360
374;391
374;395
375;138
375;139
375;254
375;260
375;261
375;263
375;264
375;265
375;267
375;268
375;271
375;273
375;276
375;277
375;278
375;282
375;285
375;286
375;287
375;288
375;290
375;294
375;295
375;296
375;297
375;298
375;299
375;300
375;304
375;305
375;307
375;309
375;310
375;311
375;312
375;315
375;316
375;317
375;318
375;319
375;320
375;321
375;322
375;323
375;324
375;325
375;327
375;328
375;329
375;330
375;331
375;332
375;333
375;334
375;337
375;339
375;341
375;343
375;345
375;346
375;347
375;348
375;350
375;351
375;352
375;353
375;354
375;355
375;356
375;358
375;359
375;366
375;368
375;370
375;373
375;376
375;377
375;378
375;379
375;380
375;381
375;382
375;383
375;384
375;385
375;386
375;387
375;388
375;389
375;390
375;391
375;392
375;393
375;394
375;395
376;138
376;139
376;254
376;260
376;261
376;265
376;268
376;271
376;273
376;276
376;277
376;278
376;282
376;285
376;286
376;287
376;288
376;290
376;294
376;295
376;296
376;297
376;298
376;299
376;300
376;303
376;304
376;305
376;307
376;309
376;310
376;311
376;312
376;315
376;316
376;317
376;318
376;319
376;320
376;321
376;325
376;326
376;327
376;328
376;329
376;330
376;331
376;332
376;333
376;334
376;337
376;339
376;341
376;343
376;345
376;346
376;347
376;348
376;350
376;351
376;353
376;355
376;356
376;357
376;358
376;359
376;366
376;368
376;370
376;373
376;375
376;377
376;378
376;379
376;380
376;381
376;382
376;383
376;384
376;385
376;386
376;389
376;390
376;391
376;392
376;393
376;394
376;395
377;138
377;139
377;254
377;260
377;261
377;267
377;268
377;271
377;273
377;276
377;277
377;278
377;282
377;285
377;286
377;288
377;295
377;296
377;297
377;298
377;304
377;305
377;307
377;309
377;310
377;315
377;316
377;317
377;318
377;319
377;320
377;321
377;324
377;331
377;333
377;334
377;341
377;345
377;346
377;352
377;353
377;355
377;356
377;360
377;366
377;370
377;373
377;375
377;376
377;378
377;379
377;381
377;382
377;383
377;384
377;386
377;388
377;389
377;390
377;391
377;392
377;393
378;138
378;139
378;254
378;260
378;261
378;267
378;268
378;271
378;273
378;276
378;277
378;278
378;282
378;285
378;286
378;288
378;295
378;296
378;297
378;298
378;304
378;305
378;307
378;309
378;310
378;315
378;316
378;317
378;318
378;319
378;320
378;321
378;324
378;331
378;333
378;334
378;341
378;345
378;346
378;352
378;353
378;355
378;356
378;360
378;366
378;370
378;373
378;375
378;376
378;377
378;379
378;381
378;382
378;383
378;384
378;386
378;388
378;389
378;390
378;391
378;392
378;393
379;138
379;139
379;254
379;260
379;261
379;265
379;268
379;271
379;273
379;276
379;277
379;278
379;282
379;285
379;286
379;287
379;288
379;290
379;294
379;295
379;296
379;297
379;298
379;299
379;300
379;303
379;304
379;305
379;307
379;309
379;310
379;311
379;312
379;315
379;316
379;317
379;318
379;319
379;320
379;321
379;325
379;326
379;327
379;328
379;329
379;330
379;331
379;332
379;333
379;334
379;337
379;339
379;341
379;343
379;345
379;346
379;347
379;348
379;350
379;351
379;353
379;355
379;356
379;357
379;358
379;359
379;366
379;368
379;370
379;373
379;375
379;376
379;377
379;378
379;380
379;381
379;382
379;383
379;384
379;385
379;386
379;389
379;390
379;391
379;392
379;393
379;394
379;395
380;254
380;261
380;265
380;273
380;277
380;279
380;288
380;289
380;294
380;299
380;300
380;303
380;309
380;310
380;311
380;312
380;315
380;320
380;321
380;326
380;327
380;328
380;331
380;332
380;334
380;337
380;339
380;341
380;343
380;344
380;345
380;347
380;348
380;350
380;351
380;356
380;357
380;358
380;359
380;368
380;373
380;375
380;376
380;379
380;381
380;382
380;383
380;385
380;389
380;390
380;391
380;392
380;393
380;394
381;138
381;139
381;254
381;260
381;261
381;265
381;268
381;271
381;273
381;276
381;277
381;278
381;282
381;285
381;286
381;287
381;288
381;290
381;294
381;295
381;296
381;297
381;298
381;299
381;300
381;303
381;304
381;305
381;307
381;309
381;310
381;311
381;312
381;315
381;316
381;317
381;318
381;319
381;320
381;321
381;325
381;326
381;327
381;328
381;329
381;330
381;331
381;332
381;333
381;334
381;337
381;339
381;341
381;343
381;345
381;346
381;347
381;348
381;350
381;351
381;353
381;355
381;356
381;357
381;358
381;359
381;366
381;368
381;370
381;373
381;375
381;376
381;377
381;378
381;379
381;380
381;382
381;383
381;384
381;385
381;386
381;389
381;390
381;391
381;392
381;393
381;394
381;395
382;138
382;139
382;254
382;260
382;261
382;265
382;268
382;271
382;273
382;276
382;277
382;278
382;282
382;285
382;286
382;287
382;288
382;290
382;294
382;295
382;296
382;297
382;298
382;299
382;300
382;303
382;304
382;305
382;307
382;309
382;310
382;311
382;312
382;315
382;316
382;317
382;318
382;319
382;320
382;321
382;325
382;326
382;327
382;328
382;329
382;330
382;331
382;332
382;333
382;334
382;337
382;339
382;341
382;343
382;345
382;346
382;347
382;348
382;350
382;351
382;353
382;355
382;356
382;357
382;358
382;359
382;366
382;368
382;370
382;373
382;375
382;376
382;377
382;378
382;379
382;380
382;381
382;383
382;384
382;385
382;386
382;389
382;390
382;391
382;392
382;393
382;394
382;395
383;138
383;139
383;254
383;260
383;261
383;265
383;268
383;271
383;273
383;276
383;277
383;278
383;282
383;285
383;286
383;287
383;288
383;290
383;294
383;295
383;296
383;297
383;298
383;299
383;300
383;303
383;304
383;305
383;307
383;309
383;310
383;311
383;312
383;315
383;316
383;317
383;318
383;319
383;320
383;321
383;325
383;326
383;327
383;328
383;329
383;330
383;331
383;332
383;333
383;334
383;337
383;339
383;341
383;343
383;345
383;346
383;347
383;348
383;350
383;351
383;353
383;355
383;356
383;357
383;358
383;359
383;366
383;368
383;370
383;373
383;375
383;376
383;377
383;378
383;379
383;380
383;381
383;382
383;384
383;385
383;386
383;389
383;390
383;391
383;392
383;393
383;394
383;395
384;138
384;139
384;254
384;260
384;261
384;263
384;264
384;267
384;268
384;271
384;273
384;276
384;278
384;282
384;285
384;286
384;287
384;288
384;290
384;295
384;296
384;297
384;298
384;304
384;305
384;307
384;309
384;310
384;315
384;316
384;317
384;318
384;319
384;320
384;324
384;325
384;329
384;330
384;331
384;333
384;334
384;341
384;345
384;346
384;350
384;352
384;353
384;354
384;355
384;356
384;366
384;368
384;370
384;373
384;375
384;376
384;377
384;378
384;379
384;381
384;382
384;383
384;386
384;387
384;388
384;389
384;390
384;391
384;392
384;393
384;395
385;254
385;261
385;265
385;273
385;277
385;279
385;288
385;289
385;294
385;299
385;300
385;303
385;309
385;310
385;311
385;312
385;315
385;320
385;321
385;326
385;327
385;328
385;331
385;332
385;334
385;337
385;339
385;341
385;343
385;344
385;345
385;347
385;348
385;350
385;351
385;356
385;357
385;358
385;359
385;368
385;373
385;375
385;376
385;379
385;380
385;381
385;382
385;383
385;389
385;390
385;391
385;392
385;393
385;394
386;138
386;139
386;254
386;260
386;261
386;263
386;264
386;267
386;268
386;271
386;273
386;276
386;278
386;282
386;285
386;286
386;287
386;288
386;290
386;295
386;296
386;297
386;298
386;304
386;305
386;307
386;309
386;310
386;315
386;316
386;317
386;318
386;319
386;320
386;324
386;325
386;329
386;330
386;331
386;333
386;334
386;341
386;345
386;346
386;350
386;352
386;353
386;354
386;355
386;356
386;366
386;368
386;370
386;373
386;375
386;376
386;377
386;378
386;379
386;381
386;382
386;383
386;384
386;387
386;388
386;389
386;390
386;391
386;392
386;393
386;395
387;263
387;264
387;273
387;290
387;305
387;309
387;330
387;341
387;346
387;350
387;354
387;368
387;370
387;375
387;384
387;386
388;130
388;132
388;138
388;139
388;260
388;261
388;264
388;267
388;268
388;271
388;276
388;278
388;282
388;285
388;286
388;287
388;288
388;290
388;295
388;296
388;297
388;298
388;303
388;304
388;305
388;307
388;309
388;314
388;315
388;316
388;317
388;318
388;319
388;322
388;323
388;324
388;329
388;330
388;333
388;338
388;341
388;346
388;352
388;353
388;354
388;355
388;366
388;370
388;375
388;377
388;378
388;384
388;386
388;391
388;395
389;138
389;139
389;254
389;260
389;261
389;265
389;268
389;271
389;273
389;276
389;277
389;278
389;282
389;285
389;286
389;287
389;288
389;290
389;294
389;295
389;296
389;297
389;298
389;299
389;300
389;303
389;304
389;305
389;307
389;309
389;310
389;311
389;312
389;315
389;316
389;317
389;318
389;319
389;320
389;321
389;325
389;326
389;327
389;328
389;329
389;330
389;331
389;332
389;333
389;334
389;337
389;339
389;341
389;343
389;345
389;346
389;347
389;348
389;350
389;351
389;353
389;355
389;356
389;357
389;358
389;359
389;366
389;368
389;370
389;373
389;375
389;376
389;377
389;378
389;379
389;380
389;381
389;382
389;383
389;384
389;385
389;386
389;390
389;391
389;392
389;393
389;394
389;395
390;138
390;139
390;254
390;260
390;261
390;265
390;268
390;271
390;273
390;276
390;277
390;278
390;282
390;285
390;286
390;287
390;288
390;290
390;294
390;295
390;296
390;297
390;298
390;299
390;300
390;303
390;304
390;305
390;307
390;309
390;310
390;311
390;312
390;315
390;316
390;317
390;318
390;319
390;320
390;321
390;325
390;326
390;327
390;328
390;329
390;330
390;331
390;332
390;333
390;334
390;337
390;339
390;341
390;343
390;345
390;346
390;347
390;348
390;350
390;351
390;353
390;355
390;356
390;357
390;358
390;359
390;366
390;368
390;370
390;373
390;375
390;376
390;377
390;378
390;379
390;380
390;381
390;382
390;383
390;384
390;385
390;386
390;389
390;391
390;392
390;393
390;394
390;395
391;138
391;139
391;254
391;260
391;261
391;264
391;265
391;267
391;268
391;271
391;272
391;273
391;275
391;276
391;277
391;278
391;279
391;282
391;284
391;285
391;286
391;287
391;288
391;289
391;290
391;295
391;296
391;297
391;298
391;301
391;302
391;303
391;304
391;305
391;307
391;309
391;310
391;311
391;312
391;314
391;315
391;316
391;317
391;318
391;319
391;320
391;321
391;322
391;323
391;324
391;325
391;327
391;329
391;330
391;331
391;333
391;334
391;338
391;340
391;341
391;342
391;343
391;345
391;346
391;347
391;348
391;349
391;350
391;351
391;352
391;353
391;354
391;355
391;356
391;357
391;358
391;359
391;366
391;368
391;370
391;373
391;374
391;375
391;376
391;377
391;378
391;379
391;380
391;381
391;382
391;383
391;384
391;385
391;386
391;388
391;389
391;390
391;392
391;393
391;394
391;395
392;138
392;139
392;254
392;260
392;261
392;265
392;268
392;271
392;273
392;276
392;277
392;278
392;282
392;285
392;286
392;287
392;288
392;290
392;295
392;296
392;297
392;298
392;304
392;305
392;307
392;309
392;310
392;311
392;312
392;315
392;316
392;317
392;318
392;319
392;320
392;321
392;325
392;327
392;329
392;330
392;331
392;333
392;334
392;341
392;343
392;345
392;346
392;347
392;348
392;353
392;355
392;356
392;358
392;359
392;366
392;370
392;373
392;375
392;376
392;377
392;378
392;379
392;380
392;381
392;382
392;383
392;384
392;385
392;386
392;389
392;390
392;391
392;393
392;394
392;395
393;138
393;139
393;254
393;260
393;261
393;265
393;268
393;271
393;273
393;276
393;277
393;278
393;282
393;285
393;286
393;287
393;288
393;290
393;294
393;295
393;296
393;297
393;298
393;299
393;300
393;303
393;304
393;305
393;307
393;309
393;310
393;311
393;312
393;315
393;316
393;317
393;318
393;319
393;320
393;321
393;325
393;326
393;327
393;328
393;329
393;330
393;331
393;332
393;333
393;334
393;337
393;339
393;341
393;343
393;345
393;346
393;347
393;348
393;350
393;351
393;353
393;355
393;356
393;357
393;358
393;359
393;366
393;368
393;370
393;373
393;375
393;376
393;377
393;378
393;379
393;380
393;381
393;382
393;383
393;384
393;385
393;386
393;389
393;390
393;391
393;392
393;394
393;395
394;254
394;261
394;265
394;273
394;277
394;279
394;288
394;289
394;294
394;299
394;300
394;303
394;309
394;310
394;311
394;312
394;315
394;320
394;321
394;326
394;327
394;328
394;331
394;332
394;334
394;337
394;339
394;341
394;343
394;344
394;345
394;347
394;348
394;350
394;351
394;356
394;357
394;358
394;359
394;368
394;373
394;375
394;376
394;379
394;380
394;381
394;382
394;383
394;385
394;389
394;390
394;391
394;392
394;393
395;148
395;261
395;263
395;267
395;272
395;275
395;277
395;284
395;287
395;288
395;289
395;290
395;301
395;302
395;303
395;305
395;309
395;310
395;320
395;322
395;323
395;324
395;329
395;330
395;331
395;334
395;340
395;341
395;342
395;344
395;345
395;346
395;349
395;350
395;351
395;352
395;356
395;370
395;373
395;374
395;375
395;376
395;379
395;381
395;382
395;383
395;384
395;386
395;388
395;389
395;390
395;391
395;392
395;393
